item_key,year,authors,title,type,has_pdf,subfield,source_collection,paper_match,paper_filename,paper_journal,paper_tier,date,tags_count
ZNCEEGBN,2026,"Khurana, Inder K.; Li, Bing; Yeung, Kelvin; Yu, Elisha J.",Audit partners' cultural trust and audit outcomes,journalArticle,True,audit,both,none,,,,2026-02-09,3
56FQTCPN,2026,,Carbon accounting quality: Measurement and the role of assurance,,True,esg_csr,english,none,,,,2026-04-01,0
HCRTQM5R,2026,,Do Consulting Services Affect Audit Quality? Evidence from the Workforce,,True,audit,english,none,,,,2026-02-03,0
FMU6MP6Z,2026,"Zhi, Weijia",Do Nature-Loving CEOs Make the World Greener?,journalArticle,True,governance_comp,both,none,,,,2026,0
T3HJI3TA,2026,"Sharma, Divesh S.; Wu, Liansheng; Xing, Qiuhang",Do School Alma Mater Ties Between Engagement and Review Partners Threaten Audit Firm Quality Control? Evidence from Audit Adjustments,journalArticle,True,audit,both,none,,,,2026-03-19,0
QEHHIBR4,2026,,Do auditors understand the implications of ESG issues for their audits? Evidence from financially material negative ESG incidents,,False,audit,english,none,,,,2026-04-01,0
TJFEXHVV,2026,,Principal-versus-Agent Considerations in Revenue Recognition Under ASC 606 and Compliance Risk,,True,unknown,english,none,,,,2026-02-16,0
ZQAJHHFL,2026,,Social media livestreaming: Investor information or persuasion?,,True,unknown,english,none,,,,2026-05-01,0
IJUB8TUY,2026,"DeFond, Mark; Hung, Mingyi; Wang, Emily Jing",The Impact of Mandatory Sustainability Reporting on Institutional Investment: The Role of Reporting Location,journalArticle,False,esg_csr,integrity_propaganda_audit,none,,,,2026-01-01,0
3JNFHBRW,2026,"He, Xianjie; Pittman, Jeffrey; Sun, Shuwei; Zhuang, Zili",The Importance of Conscientiousness to Audit Quality: Engagement Partner Graduate Thesis Typos and Audit Adjustments,journalArticle,True,audit,both,none,,,,2026-02-23,0
5EWWHU8J,2026,,The spillover effect of public firm audit regulation on private firm auditing: Evidence from common partners,,True,audit,english,none,,,,2026-05-01,0
VLYQWILI,2026,,Trying to Get Out from under Water: Paradox and Power in the Audit Senior Associate Role,,True,audit,english,none,,,,2026-02-05,0
MTLUEYUH,2026,,With a Grain of Salt: Investor Reactions to Uncertain News and (Non)disclosure,,True,disclosure,english,none,,,,2026-02-01,0
95FMIJN3,2025,"Lennox, Clive S.; Li, Chan; Wang, Yiqian",A survey of the archival audit literature,preprint,True,audit,integrity_propaganda_audit,none,,,,2025-08-01,3
VETNZ5TG,2025,,ACO Investment Model,,False,healthcare,english,none,,,,2025,0
AX2IKI76,2025,,Accountable Care Organizations (ACOs): General Information,,False,healthcare,english,none,,,,2025,0
DZDLQNAC,2025,,Advance Payment ACO Model,,False,healthcare,english,none,,,,2025,0
T8FVQLX8,2025,"Lennox, Clive; Li, Bing; Qu, Jinxing",Are Auditor Reputations Affected by Private Communication Channels?,journalArticle,True,audit,integrity_propaganda_audit,none,,,,2025-07-01,7
BNLNI78X,2025,"Defond, Mark; Zhang, Jieying",Audit failures: why they occur and some suggestions for reducing them,journalArticle,True,audit,integrity_propaganda_audit,none,,,,2025-07-29,6
BMNJZEW5,2025,"Amin, Keval; Berglund, Nathan R.; Eshleman, John Daniel; Lawson, Bradley P.","Audit partner facial structure, audit pricing, and audit quality",journalArticle,True,audit,both,none,,,,2025-11-27,0
5VN9C7MC,2025,"Ham, Charles; Hann, Rebecca N.; Rabier, MaryJane; Wang, Wenfeng",Auditor Skill Demands and Audit Quality: Evidence from Job Postings,journalArticle,True,audit,both,none,,,,2025-07-01,0
Q44E9K6J,2025,"Clifford, Christopher P; Ellis, Jesse A; Gerken, William C",Childhood Exposure to Misbehavior and the Culture of Financial Misconduct,journalArticle,True,fraud_enforcement,both,none,,,,2025-09-29,0
5IHSLYWM,2025,,"Client Restatement Announcement, Audit Office Human Capital Investment, and Audit Quality Improvements",,False,audit,english,none,,,,2025,0
U3JXDLFB,2025,,Do major corporate customers deter supplier misconduct?,,False,fraud_enforcement,english,none,,,,2025-11-01,0
M9W9KIBE,2025,"DeFond, Mark; Qi, Baolei; Si, Yi; Zhang, Jieying",Do signatory auditors with tax expertise facilitate or curb tax aggressiveness?,journalArticle,True,audit,integrity_propaganda_audit,none,,,,2025-02-01,4
P5XC9R6D,2025,"Aobdia, Daniel; Dong, Ting; Nilsson, Henrik; Zhu, Liwei",Does Personality Similarity Influence the Formation of Auditor-in-Charge-Client Relationships and Audit Quality? Evidence from Swedish Military Conscription Data,journalArticle,True,audit,integrity_propaganda_audit,none,,,,2025,0
AYQJHX38,2025,,Does generative AI facilitate investor Trading? Early evidence from ChatGPT outages,,True,investors_capmkt,english,none,,,,2025-11-01,0
KIESUW67,2025,"Ru, Hong; Yang, Endong; Zou, Kunru",Early-life experience and CEOs' reactions to COVID-19,journalArticle,True,governance_comp,both,none,,,,2025-02-01,0
YH3ZBC5N,2025,,How does artificial intelligence shape audit firms?,,False,audit,english,none,,,,2025,0
FC9HPII4,2025,,Litigation Risk and Key Audit Matter Disclosures: Evidence From a Quasi-Natural Experiment in China,,False,audit,english,none,,,,2025,0
4NIHG5E9,2025,,Next Generation ACO Model,,False,healthcare,english,none,,,,2025,0
88G28C98,2025,"Jiang, John Xuefeng; He, Shaohua; Wang, K. Philip",Partner wealth and audit quality: evidence from the United States,journalArticle,True,audit,both,none,,,,2025-03-01,6
G4UATJJU,2025,,Private equity in the hospital industry,,False,healthcare,english,none,,,,2025,0
NBNY96VB,2025,"Hayes, Rachel M.; Jiang, Feng; Pan, Yihui; Tang, Huayi",Racial Disparities in Financial Complaints and the Role of Corporate Social Attitudes,journalArticle,True,unknown,both,none,,,,2025,0
E3L8ZTMP,2025,,Report to the Congress: Medicare Payment Policy,,False,healthcare,english,none,,,,2025-03,0
5ZE69R95,2025,"Cong, Lin William; Liang, Tengyuan; Zhang, Xiao; Zhu, Wu","Textual Factors: A Scalable, Interpretable, and Data-Driven Approach to Analyzing Unstructured Information",journalArticle,True,unknown,integrity_propaganda_audit,none,,,,2025-12,0
G2Y5LBEC,2025,,Vermont All-Payer ACO Model,,False,healthcare,english,none,,,,2025,0
BSYVDA4W,2025,,Women in charge: Evidence from hospitals,,False,healthcare,english,none,,,,2025,0
YIQHRE4J,2024,"Gul, Ferdinand A; Lin, Bin; Yang, Zhifeng; Zhang, Min; Zhu, Haoran","Accounting personnel quality, audit risk, and auditor responses",journalArticle,False,audit,integrity_propaganda_audit,none,,,,2024,0
M7UUVRND,2024,"Huang, Allen H.; Pacelli, Joseph; Shi, Terrence Tianshuo; Zou, Yuan",Communicating Corporate Culture in Labor Markets: Evidence from Job Postings,manuscript,True,culture_propaganda,integrity_propaganda_audit,none,,,,2024,0
TTV5YLGB,2024,"Qian, Ruoyu",Communist propaganda and women's status,journalArticle,True,culture_propaganda,both,none,,,,10/2024,0
KGNKDT2G,2024,"DeFond, Mark; Li, Zengquan; Wong, T. J.; Wu, Kaiwen",Competence vs. Independence: Auditors' connections with members of their clients' business community,journalArticle,True,audit,both,none,,,,2024-08-01,0
BJXY2ICZ,2024,"Gu, Zhihui; Sun, Wei; Zhou, Frank S.",Cultural Origin and Minority Shareholder Expropriation: Historical Evidence,journalArticle,True,governance_comp,integrity_propaganda_audit,none,,,,2024,8
PH3E8UDW,2024,"Raghunandan, Aneesh",Government Subsidies and Corporate Misconduct,journalArticle,True,fraud_enforcement,both,exact_year_title,2024 - Raghunandan - Government Subsidies and Corporate Misconduct.pdf,unknown,unknown,2024,0
XNZYHYFJ,2024,,It's a matter of style: The role of audit firms and audit partners in key audit matter reporting,,False,audit,english,none,,,,2024,0
BFI9XN7A,2024,,"Mortgage Lock-In, Mobility, and Labor Reallocation",,False,unknown,english,none,,,,2024,0
M2L2YCMK,2024,,Public environmental enforcement and private lender monitoring: Evidence from environmental covenants,,False,debt_capital_structure,english,prefix_year_title,"2024 - Choy, Jiang, Liao, Wang - Journal of Accounting and Economics - Public Environmental Enforcement and Private Lender Monitoring Evidence from Environmental Covenant.pdf",Journal of Accounting and Economics,top_acct,2024,0
ZGZ92GFY,2024,"Lins, Karl V.; Roth, Lukas; Servaes, Henri; Tamayo, Ane","Sexism, Culture, and Firm Value: Evidence from the Harvey Weinstein Scandal and the #MeToo Movement",journalArticle,True,culture_propaganda,both,exact_year_title,"2024 - Lins, Roth, Servaes, Tamayo - Journal of Accounting Research - Sexism, Culture, and Firm Value Evidence from the Harvey Weinstein Scandal and the #MeToo Movement.pdf",Journal of Accounting Research,top_acct,2024,0
MCPLQJVL,2024,"Dou, Huan; Khoo, Eunice S; Tan, Weiqiang; Zhang, Janus Jian","Superstition, risk aversion, and audit quality: evidence from China",journalArticle,False,audit,integrity_propaganda_audit,none,,,,2024,0
LBZBF5DX,2024,"Kowaleski, Zachary T.; Sutherland, Andrew G.; Vetter, Felix W.",The Effect of Supervisors on Employee Misconduct,journalArticle,False,fraud_enforcement,integrity_propaganda_audit,none,,,,2024,0
Z9VE9MEZ,2024,,The Effects of Mandatory ESG Disclosure Around the World,,True,disclosure,english,exact_year_title,"2024 - Krueger, Sautner, Tang, Zhong - Journal of Accounting Research - The Effects of Mandatory ESG Disclosure Around the World.pdf",Journal of Accounting Research,top_acct,2024,0
7VNEUMSL,2024,"Lin, Yupeng; Shi, Rui; Yuan, Yannis; Zuo, Luo",The economics of auditing in China,bookSection,True,audit,both,none,,,,2024,0
469QMYS3,2024,"Breuer, Matthias; Dehaan, Ed",Using and Interpreting Fixed Effects Models,journalArticle,True,methodology,both,exact_year_title,"2024 - Breuer, Dehaan - Journal of Accounting Research - Using and Interpreting Fixed Effects Models.pdf",Journal of Accounting Research,top_acct,2024,3
VBKMFV6B,2023,,Do internal control weaknesses affect firms' demand for accounting skills? Evidence from US job postings,,False,audit,english,none,,,,2023,0
U7MPDUKU,2023,,Does the accountant shortage impair efficient resource allocation?,,False,unknown,english,none,,,,2023,0
6AZPYCKB,2023,,Fragmented care and chronic illness patient outcomes: A systematic review,,False,healthcare,english,none,,,,2023,0
S686I7ST,2023,"Pittman, Jeffrey; Stein, Sarah E; Valentine, Delia F",The importance of audit partners' risk tolerance to audit quality,journalArticle,False,audit,both,none,,,,2023,0
EZW7DXS9,2022,"Lennox, Clive; Wu, Joanna Shuang",A review of China-related accounting research in the past 25 years,journalArticle,True,unknown,both,exact_year_title,"2022 - Lennox, Wu - Journal of Accounting and Economics - A Review of China-Related Accounting Research in the Past 25 Years.pdf",Journal of Accounting and Economics,top_acct,11/2022,0
ZW3X6EQJ,2022,,Ancillary cost implications of physicians multisiting and inter-organizational collaboration during healthcare delivery,,False,healthcare,english,none,,,,2022,0
EBVSRIUS,2022,"Chu, Jenny; Florou, Annita; Pope, Peter F",Auditor university education: does it matter?,journalArticle,False,audit,integrity_propaganda_audit,none,,,,2022,0
KGQQGVSB,2022,"Chen, Kevin C. W.; Chen, Tai-Yuan; Han, Weifang; Yuan, Hongqi",Auditors Under Fire: The Association Between Audit Errors and the Career Setbacks of Individual Auditors,journalArticle,True,audit,integrity_propaganda_audit,none,,,,2022,8
CRFLDEBH,2022,"Hanlon, Michelle; Yeung, Kelvin; Zuo, Luo",Behavioral Economics of Accounting: A Review of Archival Research on Individual Decision Makers,journalArticle,True,unknown,both,exact_year_title,"2022 - Hanlon, Yeung, Zuo - Contemporary Accounting Research - Behavioral Economics of Accounting A Review of Archival Research on Individual Decision Makers.pdf",Contemporary Accounting Research,top_acct,2022,0
U82NTPG9,2022,"Baker, Andrew C; Larcker, David F; Wang, Charles CY",How much should we trust staggered difference-in-differences estimates?,journalArticle,False,methodology,both,exact_year_title,"2022 - Baker, Larcker, Wang - Journal of Financial Economics - How Much Should We Trust Staggered Difference-in-Differences Estimates.pdf",Journal of Financial Economics,top_fin,2022,0
TPIZ4V8L,2022,,Impact of the Hospital Readmission Reduction Program on hospital readmission and mortality: An economic analysis,,False,healthcare,english,none,,,,2022,0
Z6WKNG2H,2022,"He, Xianjie; Kothari, S. P.; Xiao, Tusheng; Zuo, Luo",Industry-Specific Knowledge Transfer in Audit Firms: Evidence from Audit Firm Mergers in China,journalArticle,True,audit,both,none,,,,2022-05-01,5
ZIGM6X44,2022,,Is artificial intelligence improving the audit process?,,False,audit,english,exact_year_title,"2022 - Fedyk, Hodson, Khimich, Fedyk - Review of Accounting Studies - Is Artificial Intelligence Improving the Audit Process.pdf",Review of Accounting Studies,top_acct,2022,0
BRDFJQWA,2022,,Man versus machine: Complex estimates and auditor reliance on artificial intelligence,,False,audit,english,none,,,,2022,0
GKNHXRS4,2022,"Egan, Mark; Matvos, Gregor; Seru, Amit",When Harry Fired Sally: The Double Standard in Punishing Misconduct,journalArticle,False,fraud_enforcement,integrity_propaganda_audit,exact_year_title,"2022 - Egan, Matvos, Seru - Journal of Political Economy - When Harry Fired Sally The Double Standard in Punishing Misconduct.pdf",Journal of Political Economy,top_gen,2022,0
87NG7A5M,2021,"Defond, Mark L.; Zhang, Fan; Zhang, Jieying",Auditing research using Chinese data: what's next?,journalArticle,True,audit,both,none,,,,2021-11-10,5
CQA2334K,2021,,Difference-in-differences with variation in treatment timing,,False,methodology,english,exact_year_title,2021 - Goodman-Bacon - Journal of Econometrics - Difference-in-Differences with Variation in Treatment Timing.pdf,unknown,unknown,2021,0
R5TF6ENY,2021,,Impacts of performance pay for hospitals: The readmissions reduction program,,False,healthcare,english,none,,,,2021,0
XBUL6HN8,2021,"Li, Kai; Mai, Feng; Shen, Rui; Yan, Xinyan",Measuring Corporate Culture Using Machine Learning,journalArticle,True,culture_propaganda,integrity_propaganda_audit,none,,,,2021-07-01,0
6G8BX58T,2021,"Rajgopal, Shivaram; Srinivasan, Suraj; Zheng, Xin",Measuring audit quality,journalArticle,True,audit,both,none,,,,2021-06-01,6
E76DIS7R,2021,"Dimmock, Stephen G.; Gerken, William C.; Van Alfen, Tyson",Real Estate Shocks and Financial Advisor Misconduct,journalArticle,False,fraud_enforcement,integrity_propaganda_audit,none,,,,2021,0
SQG8QNEQ,2021,"Hayes, Rachel M.; Jiang, Feng; Pan, Yihui",Voice of the Customers: Local Trust Culture and Consumer Complaints to the CFPB,journalArticle,True,culture_propaganda,both,none,,,,2021,0
LXA2VSNC,2020,"Goldsmith-Pinkham, Paul; Sorkin, Isaac; Swift, Henry","Bartik Instruments: What, When, Why, and How.",journalArticle,True,methodology,integrity_propaganda_audit,none,,,,2020-08-01,6
VUTU7RHL,2020,"Kowaleski, Zachary T.; Sutherland, Andrew G.; Vetter, Felix W.",Can Ethics Be Taught? Evidence from Securities Exams and Investment Adviser Misconduct,journalArticle,True,fraud_enforcement,integrity_propaganda_audit,none,,,,2020,0
89QEQB9G,2020,,"Empirical research in healthcare operations: Past research, present understanding, and future opportunities",,False,unknown,english,none,,,,2020,0
VRH2XDXA,2020,,Entropy-Balanced Accruals,,False,unknown,english,none,,,,2020,0
5D6C6C4X,2020,"Lennox, Clive; Wang, Chunfei; Wu, Xi","Opening up the ""black box"" of audit firms: The effects of audit partner ownership on audit adjustments",journalArticle,False,audit,integrity_propaganda_audit,none,,,,2020,0
8IN5EHSN,2020,"DeFond, Mark; Hu, Jinshuai; Hung, Mingyi; Li, Siqi",The effect of fair value accounting on the performance evaluation role of earnings,journalArticle,True,unknown,integrity_propaganda_audit,none,,,,2020-11-01,5
WFWYQ5A7,2020,,The only prescription is transparency: The effect of charge-price-transparency regulation on healthcare prices,,False,disclosure,english,none,,,,2020,0
GKX69PBC,2020,"Church, Bryan K; Dai, Narisa Tianjing; Kuang, Xi; Liu, Xuejiao",The role of auditor narcissism in auditor-client negotiations: Evidence from China,journalArticle,False,audit,integrity_propaganda_audit,none,,,,2020,0
8J6PZC2A,2019,,Corporate culture and analyst catering,,True,analysts,english,none,,,,2019-02-01,0
S9NZRZP9,2019,"Aobdia, Daniel",Do practitioner assessments agree with academic proxies for audit quality? Evidence from PCAOB and internal inspections,journalArticle,True,audit,integrity_propaganda_audit,prefix_year_title,2019 - Aobdia - Journal of Accounting and Economics - Do Practitioner Assessments Agree with Academic Proxies for Audit Quality Evidence from PCAOB and I.pdf,Journal of Accounting and Economics,top_acct,2019-02-01,6
TK8MHX2H,2019,"Kadous, Kathryn; Zhou, Yuepin",How does intrinsic motivation improve auditor judgment in complex audit tasks?,journalArticle,False,audit,integrity_propaganda_audit,none,,,,2019,0
Q9W9XLND,2019,"Kallunki, Jenni; Kallunki, Juha-Pekka; Niemi, Lasse; Nilsson, Henrik; Aobdia, Daniel",IQ and audit quality: Do smarter auditors deliver better audits?,journalArticle,True,audit,both,none,,,,2019,0
3UMWMYXC,2019,"Egan, Mark; Matvos, Gregor; Seru, Amit",The Market for Financial Adviser Misconduct,journalArticle,False,fraud_enforcement,integrity_propaganda_audit,exact_year_title,"2019 - Egan, Matvos, Seru - Journal of Political Economy - The Market for Financial Adviser Misconduct.pdf",Journal of Political Economy,top_gen,2019,0
MMG9WFU3,2018,,Audit personnel salaries and audit quality,,False,audit,english,none,,,,2018,0
8636CLDY,2018,"Defond, Mark L.; Francis, Jere R.; Hallman, Nicholas J.",Awareness of SEC Enforcement and Auditor Reporting Decisions,journalArticle,True,audit,integrity_propaganda_audit,none,,,,2018,0
SU3SBCYB,2018,"Che, Limei; Langli, John Christian; Svanström, Tobias","Education, experience, and audit effort",journalArticle,False,audit,integrity_propaganda_audit,none,,,,2018,0
X3X7FDRP,2018,"Dimmock, Stephen G.; Gerken, William C.; Graham, Nathaniel P.",Is Fraud Contagious? Coworker Influence on Misconduct by Financial Advisors,journalArticle,True,fraud_enforcement,both,none,,,,2018,0
82FR8SSP,2018,"Qin, Bei; Strömberg, David; Wu, Yanhui",Media Bias in China,journalArticle,True,culture_propaganda,integrity_propaganda_audit,exact_year_title,"2018 - Qin, Strömberg, Wu - American Economic Review - Media Bias in China.pdf",American Economic Review,top_gen,2018/09,0
8C3HWGKH,2018,"Parsons, Christopher A.; Sulaeman, Johan; Titman, Sheridan",The Geography of Financial Misconduct,journalArticle,True,fraud_enforcement,both,exact_year_title,"2018 - Parsons, Sulaeman, Titman - The Journal of Finance - The Geography of Financial Misconduct.pdf",The Journal of Finance,top_fin,2018,0
3Q6SK9AY,2017,"Cantoni, Davide; Chen, Yuyu; Yang, David Y.; Yuchtman, Noam; Zhang, Y. Jane",Curriculum and Ideology,journalArticle,True,culture_propaganda,integrity_propaganda_audit,none,,,,2017-04,0
X6HTPL2W,2017,"DeFond, Mark; Erkens, David H.; Zhang, Jieying",Do Client Characteristics Really Drive the Big N Audit Quality Effect? New Evidence from Propensity Score Matching,journalArticle,False,audit,integrity_propaganda_audit,none,,,,2017-11,3
YVB8IN4E,2017,"He, Xianjie; Pittman, Jeffrey A; Rui, Oliver M; Wu, Donghui",Do social ties between external auditors and audit committee members affect audit quality?,journalArticle,True,audit,integrity_propaganda_audit,none,,,,2017,0
TUGMH6PR,2017,,The Affordable Care Act and its effects on physician leadership: a qualitative systematic review,,False,healthcare,english,none,,,,2017,0
GZ3J2I7W,2017,,The real effects of mandated information on social responsibility in financial reports: Evidence from mine-safety records,,False,unknown,english,prefix_year_title,"2017 - Christensen, Floyd, Liu, Maffett - The Real Effects of Mandated Information on Social Responsibility in Financial Reports Evidence fro.pdf",unknown,unknown,2017,0
UAL4DXCY,2017,"Bernile, Gennaro; Bhagwat, Vineet; Rau, P. Raghavendra",What Doesn't Kill You Will Only Make You More Risk-Loving: Early-Life Disasters and CEO Behavior,journalArticle,True,governance_comp,integrity_propaganda_audit,none,,,,2017,0
B6K87YSQ,2016,"DeFond, Mark L.; Lim, Chee Yeow; Zang, Yoonseok",Client Conservatism and Auditor-Client Contracting,journalArticle,True,audit,integrity_propaganda_audit,none,,,,2016-01-01,4
97ELHF8Y,2016,"Su, Xijia; Wu, Xi",Client following former audit partners and audit quality: Evidence from unforced audit firm changes in China,journalArticle,False,audit,integrity_propaganda_audit,prefix_year_title,"2016 - Su, Wu - The International Journal of Accounting - Client Following Former Audit Partners and Audit Quality Evidence from Unforced Audit Firm Changes.pdf",unknown,unknown,2016,0
RPA84QSZ,2016,"Guan, Yuyan; Su, Lixin Nancy; Wu, Donghui; Yang, Zhifeng",Do school ties between auditors and client executives influence audit outcomes?,journalArticle,False,audit,integrity_propaganda_audit,exact_year_title,"2016 - Guan, Su, Wu, Yang - Journal of Accounting and Economics - Do School Ties Between Auditors and Client Executives Influence Audit Outcomes.pdf",Journal of Accounting and Economics,top_acct,2016,0
DBFA86QW,2016,,Early performance of accountable care organizations in Medicare,,False,healthcare,english,none,,,,2016,0
5RHSB8F7,2016,"Lennox, Clive; Wu, Xi; Zhang, Tianyu",The effect of audit adjustments on earnings quality: Evidence from China,journalArticle,False,audit,integrity_propaganda_audit,none,,,,2016,0
22QCVXRG,2015,,Behavioral implications of Big Data's impact on audit judgment and decision making and future research directions,,False,audit,english,none,,,,2015,0
NGEM2VV5,2015,,Big data analytics in financial statement audits,,False,audit,english,none,,,,2015,0
YBTYW48P,2015,"Piotroski, Joseph D.; Wong, T. J.; Zhang, Tianyu",Political Incentives to Suppress Negative Information: Evidence from Chinese Listed Firms,journalArticle,True,unknown,both,none,,,,2015,0
W88442JK,2015,"Adena, Maja; Enikolopov, Ruben; Petrova, Maria; Santarosa, Veronica; Zhuravskaya, Ekaterina",Radio and the Rise of The Nazis in Prewar Germany,journalArticle,True,culture_propaganda,integrity_propaganda_audit,none,,,,2015-11-01,0
E4IN9TPR,2015,"Ke, Bin; Lennox, Clive S.; Xin, Qingquan",The Effect of China's Weak Institutional Environment on the Quality of Big 4 Audits,journalArticle,True,audit,both,none,,,,2015-07-01,0
S9PFDFLS,2015,,"Unraveling the black box of cost behavior: An empirical investigation of risk drivers, managerial resource procurement, and cost elasticity",,False,unknown,english,none,,,,2015,0
NA9PFM2K,2014,"DeFond, Mark; Zhang, Jieying",A review of archival auditing research,journalArticle,True,audit,both,exact_year_title,"2014 - DeFond, Zhang - Journal of Accounting and Economics - A Review of Archival Auditing Research.pdf",Journal of Accounting and Economics,top_acct,2014-11-01,8
NPMDYVNM,2014,"Hennes, Karen M.; Leone, Andrew J.; Miller, Brian P.",Determinants and Market Consequences of Auditor Dismissals After Accounting Restatements,journalArticle,False,audit,integrity_propaganda_audit,exact_year_title,"2014 - Hennes, Leone, Miller - The Accounting Review - Determinants and Market Consequences of Auditor Dismissals After Accounting Restatements.pdf",The Accounting Review,top_acct,2014,0
8B9FVPS8,2014,"Lennox, Clive S.; Wu, Xi; Zhang, Tianyu",Does Mandatory Rotation of Audit Partners Improve Audit Quality?,journalArticle,True,audit,both,exact_year_title,"2014 - Lennox, Wu, Zhang - The Accounting Review - Does mandatory rotation of audit partners improve audit quality.pdf",The Accounting Review,top_acct,2014-09-01,0
RGPCTTLU,2014,"Yanagizawa-Drott, David",Propaganda and Conflict: Evidence from the Rwandan Genocide,journalArticle,True,culture_propaganda,integrity_propaganda_audit,none,,,,2014-11-01,0
5UEG24N5,2014,,The information content of mandatory risk factor disclosures in corporate filings,,False,disclosure,english,exact_year_title,"2014 - Campbell, Chen, Dhaliwal, Lu, Steele - Review of Accounting Studies - The Information Content of Mandatory Risk Factor Disclosures in Corporate Filings.pdf",Review of Accounting Studies,top_acct,2014,0
6GKPL2V2,2013,"Gul, Ferdinand A.; Wu, Donghui; Yang, Zhifeng",Do Individual Auditors Affect Audit Quality? Evidence from Archival Data,journalArticle,True,audit,both,none,,,,2013-11-01,3
RD9QR4SX,2013,,Door-to-balloon time and mortality among patients undergoing primary PCI,,False,healthcare,english,none,,,,2013,0
IH7SLYKU,2012,,Causal inference without balance checking: Coarsened exact matching,,False,methodology,english,none,,,,2012,0
TVYSEKPB,2012,"Piotroski, Joseph D; Wong, TJ",Institutions and information environment of Chinese listed firms,bookSection,False,institutions_econ,integrity_propaganda_audit,none,,,,2012,0
L2QIHNUU,2011,"Heilmann, Sebastian; Perry, Elizabeth J.",Embracing Uncertainty: Guerrilla Policy Style and Adaptive Governance in China,bookSection,False,governance_comp,integrity_propaganda_audit,none,,,,2011-10-14,0
MVN34RE8,2011,,Hospital readmissions and the Affordable Care Act: paying for coordinated quality care,,False,healthcare,english,none,,,,2011,0
RUQXJ8H9,2010,"Chen, Shimin; Sun, Sunny YJ; Wu, Donghui","Client importance, institutional improvements, and audit quality in China: An office and individual auditor level analysis",journalArticle,False,audit,integrity_propaganda_audit,none,,,,2010,0
YPUIAR4Q,2010,,Green Paper: Audit Policy: Lessons from the Crisis,,False,audit,english,none,,,,2010,0
7SCZWFXI,2010,"Algan, Yann; Cahuc, Pierre",Inherited Trust and Growth,journalArticle,True,culture_propaganda,integrity_propaganda_audit,none,,,,2010-12-1,3
NHH4K37K,2009,"Berkman, Henk; Cole, Rebel A.; Fu, Lawrence J.",Expropriation through loan guarantees to related parties: Evidence from China,journalArticle,True,debt_capital_structure,integrity_propaganda_audit,none,,,,2009-1,6
PPVNNI9Y,2009,,Rehospitalizations among patients in the Medicare fee-for-service program,,False,healthcare,english,none,,,,2009,0
ZNQLXX3X,2008,"Hennes, Karen M.; Leone, Andrew J.; Miller, Brian P.",The Importance of Distinguishing Errors from Irregularities in Restatement Research: The Case of Restatements and CEO/CFO Turnover,journalArticle,False,audit,integrity_propaganda_audit,none,,,,2008,0
XTT99KXZ,2008,,The auditor's reporting model: A literature overview and research synthesis,,False,audit,english,none,,,,2008,0
3E3ZZJ6V,2008,"GUISO, LUIGI; SAPIENZA, PAOLA; ZINGALES, LUIGI",Trusting the Stock Market,journalArticle,True,culture_propaganda,integrity_propaganda_audit,none,,,,2008-11-11,0
B8JR9ARY,2007,"DeFond, Mark; Hung, Mingyi; Trezevant, Robert",Investor protection and the information content of annual earnings announcements: International evidence,journalArticle,True,unknown,integrity_propaganda_audit,none,,,,2007-03-01,3
3FJ62FKW,2007,"Williamson, Oliver E.; Boersch, Cornelius; Elschen, Rainer","The Economic Institutions of Capitalism. Firms, Markets, Relational Contracting",bookSection,False,institutions_econ,integrity_propaganda_audit,none,,,,2007,0
JTQCD9KK,2006,"Greif, Avner",Institutions and the Path to the Modern Economy: Lessons from Medieval Trade,book,False,institutions_econ,integrity_propaganda_audit,none,,,,2006-01-16,0
WLRA3FBU,2006,,Strategies for reducing the door-to-balloon time in acute myocardial infarction,,False,healthcare,english,none,,,,2006,0
GESB5ABU,2005,"Allen, Franklin; Qian, Jun; Qian, Meijun","Law, finance, and economic growth in China",journalArticle,True,unknown,both,none,,,,2005-07-01,0
K2FHIQ8Q,2005,"Winfield, Betty Houchin; Peng, Zengjun",Market or Party Controls?: Chinese Media in Transition,journalArticle,False,unknown,integrity_propaganda_audit,none,,,,2005-06-01,0
4GD9PPWC,2004,"Guiso, Luigi; Sapienza, Paola; Zingales, Luigi",The Role of Social Capital in Financial Development,journalArticle,True,institutions_econ,integrity_propaganda_audit,none,,,,2004-06-01,0
LHHKAKCR,1998,"Becker, Connie L.; Defond, Mark L.; Jiambalvo, James; Subramanyam, K.r.",The Effect of Audit Quality on Earnings Management,journalArticle,True,audit,integrity_propaganda_audit,none,,,,1998,0
BSEEPHB7,1997,"Knack, Stephen; Keefer, Philip",Does Social Capital Have an Economic Payoff? A Cross-Country Investigation,journalArticle,False,institutions_econ,integrity_propaganda_audit,none,,,,1997-11-01,0
9Q9Z74US,1995,"Montinola, Gabriella; Qian, Yingyi; Weingast, Barry R","Federalism, Chinese style: the political basis for economic success in China",journalArticle,False,institutions_econ,integrity_propaganda_audit,none,,,,1995,0
G5P7TGJT,1992,"Kuhn, Philip A.",Soulstealers: The Chinese Sorcery Scare of 1768,book,False,culture_propaganda,integrity_propaganda_audit,none,,,,1992-01-01,0
2UDBZR8X,1990,"North, Douglass C.","Institutions, Institutional Change and Economic Performance",book,False,institutions_econ,integrity_propaganda_audit,none,,,,1990-10-26,0
QU3EJJVA,1983,"Watts, Ross L; Zimmerman, Jerold L","Agency problems, auditing, and the theory of the firm: Some evidence",journalArticle,True,audit,both,none,,,,1983,0
P2HKGRV2,1981,,Auditor size and audit quality,,False,audit,english,none,,,,1981,0
UWP9CL8Y,1981,"Watts, Ross; Zimmerman, Jerold",The Markets for Independence and Independent Auditors,journalArticle,True,audit,both,none,,,,1981,0
U4UYNUFM,1980,,The pricing of audit services: Theory and evidence,,False,audit,english,none,,,,1980,0
6WE5GHYW,1972,"Arrow, Kenneth J.",Gifts and Exchanges,journalArticle,False,institutions_econ,integrity_propaganda_audit,none,,,,1972,0
SG2ZK32F,1957,"Houn, Franklin W.",Radio Broadcasting and Propaganda in Communist China,journalArticle,False,culture_propaganda,integrity_propaganda_audit,none,,,,1957-09-01,0
GDHHLAWD,1937,"Coase, R. H.",The Nature of the Firm,journalArticle,True,institutions_econ,both,none,,,,1937,0
AEGLBPMC,,,A review of China-related accounting research in the past 25 years - ScienceDirect,,False,unknown,english,title_only_prefix,"2022 - Lennox, Wu - Journal of Accounting and Economics - A Review of China-Related Accounting Research in the Past 25 Years.pdf",Journal of Accounting and Economics,top_acct,,0
V8379QYT,,,AI Democratization and Trading Inequality,,True,investors_capmkt,english,none,,,,,0
57J7GMMV,,,Do Engagement Quality Reviewers' Workplace Ties with Engagement Partners Influence Audit Quality?,,True,audit,english,none,,,,,0
GQ8MA4XL,,"Defond, Mark L.; Lennox, Clive S.",Do PCAOB Inspections Improve the Quality of Internal Control Audits?,journalArticle,False,audit,both,none,,,,No date,0
R2QAHC9A,,,"Generative AI in Capital Markets: Information Production, Dissemination, and Processing",,True,unknown,english,none,,,,,0
LZ5T6KXL,,,Generative AI in Financial Reporting,,True,unknown,english,none,,,,,0
8FTVFDBV,,,Journal of Accounting Research,,False,unknown,english,none,,,,,0
HRIQUK2P,,,The Impact of Financial Reporting Mandates on Labor Unions,,True,unknown,english,none,,,,,0
9T8FIFQJ,,No authors listed,"The economics, technology, and neuroscience of human capability formation",webpage,True,unknown,integrity_propaganda_audit,none,,,,No date,0
IKXQ7VFQ,,,The impact of improved auditor independence on audit market concentration in China - ScienceDirect,,False,audit,english,none,,,,,0
